<step title="Incoming Request" date="2025-11-10T14:35:22.122" instance="be9ca5" url="/api/zipdeploy?author=ms-azuretools-vscode&amp;deployer=ms-azuretools-vscode&amp;isAsync=true&amp;trackDeploymentId=true" method="POST" type="request" pid="768,1,15" Host="whatsapp-api-go-dpb5cgbnaec2gdf2.scm.eastus-01.azurewebsites.net" User-Agent="vscode-azureappservice/0.26.4 core-rest-pipeline/1.20.0 Node/22.19.0 OS/(x64-Windows_NT-10.0.26200)" Accept-Encoding="gzip,deflate" Accept-Language="en" Authorization="Bea..." Transfer-Encoding="chunked" x-ms-correlation-request-id="66a41e64-e0ce-426d-b1c9-90532a675d46" x-ms-client-request-id="cd2fb72e-23a6-43ca-9d1a-7796539c4c9b" X-ARR-LOG-ID="cd2fb72e-23a6-43ca-9d1a-7796539c4c9b" CLIENT-IP="186.4.130.232:18920" X-SITE-DEPLOYMENT-ID="whatsapp-api-go" WAS-DEFAULT-HOSTNAME="whatsapp-api-go-dpb5cgbnaec2gdf2.scm.eastus-01.azurewebsites.net" X-Forwarded-Proto="https" X-AppService-Proto="https" X-Forwarded-TlsVersion="1.3" X-WAWS-Unencoded-URL="/api/zipdeploy?author=ms-azuretools-vscode&amp;deployer=ms-azuretools-vscode&amp;isAsync=true&amp;trackDeploymentId=true" X-Client-IP="186.4.130.232" X-Client-Port="18920" >
  <step title="ZipPushDeploy" date="2025-11-10T14:35:22.902" >
    <step title="ZipDeploy. Extract zip." date="2025-11-10T14:35:22.937" /><!-- duration: 7ms -->
    <step title="None repository commit" date="2025-11-10T14:35:22.954" >
      <step title="Commit id: 2b35bbce-a4de-4ae5-933c-d38e9726e0cd" date="2025-11-10T14:35:22.964" Message="N/A" AuthorName="N/A" AuthorEmail="N/A" /><!-- duration: 5ms -->
    </step><!-- duration: 21ms -->
    <step title="Starting PushDeployAsync" date="2025-11-10T14:35:22.981" /><!-- duration: 5ms -->
    <step title="Writing artifact to /tmp/zipdeploy/9c2bd85a-fb3f-48fc-b716-403b07ec7d20.zip" date="2025-11-10T14:35:23.021" >
      <step title="Writing multipart request body to /tmp/zipdeploy/9c2bd85a-fb3f-48fc-b716-403b07ec7d20.zip" date="2025-11-10T14:35:23.031" /><!-- duration: 7ms -->
    </step><!-- duration: 1902ms -->
    <step title="Start deployment in the background" date="2025-11-10T14:35:24.957" >
      <step title="Acquiring Deployment Lock" date="2025-11-10T14:35:24.980" /><!-- duration: 8ms -->
      <step title="Acquired Deployment Lock" date="2025-11-10T14:35:25.056" /><!-- duration: 7ms -->
    </step><!-- duration: 236ms -->
  </step><!-- duration: 2308ms -->
  <step title="Outgoing response" date="2025-11-10T14:35:25.229" type="response" statusCode="202" statusText="Accepted" /><!-- duration: 5ms -->
</step><!-- duration: 3118ms -->
